<?xml version="1.0" encoding="UTF-8"?>
<metadata modelVersion="1.1.0">
  <groupId>org.jboss.quickstarts.jdg</groupId>
  <artifactId>temperature-sensor</artifactId>
  <version>7.0.0-redhat-SNAPSHOT</version>
  <versioning>
    <snapshot>
      <localCopy>true</localCopy>
    </snapshot>
    <lastUpdated>20160802180442</lastUpdated>
    <snapshotVersions>
      <snapshotVersion>
        <classifier>jar-with-dependencies</classifier>
        <extension>jar</extension>
        <value>7.0.0-redhat-SNAPSHOT</value>
        <updated>20160802180442</updated>
      </snapshotVersion>
      <snapshotVersion>
        <extension>jar</extension>
        <value>7.0.0-redhat-SNAPSHOT</value>
        <updated>20160802180442</updated>
      </snapshotVersion>
      <snapshotVersion>
        <extension>pom</extension>
        <value>7.0.0-redhat-SNAPSHOT</value>
        <updated>20160802180442</updated>
      </snapshotVersion>
    </snapshotVersions>
  </versioning>
</metadata>
